{
  "project_info": {
    "project_number": "949112864948",
    "project_id": "spendly-5eebc",
    "storage_bucket": "spendly-5eebc.firebasestorage.app"
  },
  "client": [
    {
      "client_info": {
        "mobilesdk_app_id": "1:949112864948:android:3406535461a709bcbbd7e1",
        "android_client_info": {
          "package_name": "com.example.spendly"
        }
      },
      "oauth_client": [
        {
          "client_id": "949112864948-5hft9baalg67iumralrb5oira7bu7mr0.apps.googleusercontent.com",
          "client_type": 1,
          "android_info": {
            "package_name": "com.example.spendly",
            "certificate_hash": "60749977312f274e1d5ad3a119986b219bee884c"
          }
        },
        {
          "client_id": "949112864948-bchvhv3vn2s77nuate2sa8sjh6boefk0.apps.googleusercontent.com",
          "client_type": 3
        }
      ],
      "api_key": [
        {
          "current_key": "AIzaSyCdV6uz9Mtx5oBW5VdIP5HxnB8FRgOCE74"
        }
      ],
      "services": {
        "appinvite_service": {
          "other_platform_oauth_client": [
            {
              "client_id": "949112864948-bchvhv3vn2s77nuate2sa8sjh6boefk0.apps.googleusercontent.com",
              "client_type": 3
            }
          ]
        }
      }
    }
  ],
  "configuration_version": "1"
}